InvoiceID,ProductName,Category,QuantitySold,UnitPrice,TotalSales,PaymentMethod,CustomerType
INV0001,Marker,Writing,4,77,308,UPI,Bulk Buyer
INV0002,Crayons,Art Supplies,13,325,4225,Credit,Regular
INV0003,Marker,Writing,19,271,5149,Cash,Walk-in
INV0004,Paper Clips,Office Supplies,4,46,184,Card,Regular
INV0005,Calculator,Office Supplies,11,47,517,Cash,Regular
INV0006,Calculator,Office Supplies,17,467,7939,UPI,Walk-in
INV0007,Glue Stick,Office Supplies,2,394,788,UPI,Walk-in
INV0008,Drawing Sheet,Paper,7,383,2681,Cash,Regular
INV0009,Marker,Writing,16,447,7152,Card,Walk-in
INV0010,Ball Pen,Writing,19,371,7049,Card,Bulk Buyer
INV0011,Paint Brush,Art Supplies,3,108,324,Cash,Regular
INV0012,Diary,Paper,18,347,6246,Credit,Regular
INV0013,Pencil,Writing,2,133,266,Credit,Bulk Buyer
INV0014,Watercolors,Art Supplies,17,387,6579,Card,Bulk Buyer
INV0015,Diary,Paper,2,101,202,Card,Regular
INV0016,File Folder,Office Supplies,2,352,704,Card,Walk-in
INV0017,Calculator,Office Supplies,16,393,6288,UPI,Regular
INV0018,Notebook,Paper,8,455,3640,Card,Walk-in
INV0019,Stapler,Office Supplies,11,66,726,Cash,Bulk Buyer
INV0020,Notebook,Paper,15,127,1905,Credit,Regular
INV0021,Crayons,Art Supplies,17,83,1411,Cash,Regular
INV0022,Sketch Pens,Art Supplies,3,93,279,Card,Regular
INV0023,Notebook,Paper,1,353,353,UPI,Bulk Buyer
INV0024,A4 Paper Pack,Paper,1,278,278,Cash,Bulk Buyer
INV0025,Gel Pen,Writing,10,98,980,UPI,Regular
INV0026,Notebook,Paper,14,179,2506,UPI,Regular
INV0027,Highlighter,Writing,16,18,288,Credit,Walk-in
INV0028,Sketch Pens,Art Supplies,5,455,2275,Credit,Regular
INV0029,A4 Paper Pack,Paper,5,306,1530,Card,Walk-in
INV0030,File Folder,Office Supplies,4,152,608,Cash,Bulk Buyer
INV0031,Highlighter,Writing,19,110,2090,Cash,Walk-in
INV0032,Color Pencils,Art Supplies,3,251,753,Cash,Bulk Buyer
INV0033,Highlighter,Writing,20,447,8940,Card,Bulk Buyer
INV0034,Gel Pen,Writing,13,400,5200,Cash,Regular
INV0035,Marker,Writing,5,148,740,Credit,Regular
INV0036,Notebook,Paper,6,182,1092,Card,Bulk Buyer
INV0037,Watercolors,Art Supplies,19,154,2926,Card,Walk-in
INV0038,Notebook,Paper,2,264,528,Card,Walk-in
INV0039,File Folder,Office Supplies,18,392,7056,Card,Regular
INV0040,Sticky Notes,Paper,5,295,1475,Credit,Regular
INV0041,Crayons,Art Supplies,15,215,3225,Card,Walk-in
INV0042,Marker,Writing,19,26,494,Card,Bulk Buyer
INV0043,Glue Stick,Office Supplies,17,260,4420,UPI,Bulk Buyer
INV0044,Sketch Pens,Art Supplies,3,98,294,UPI,Bulk Buyer
INV0045,Sticky Notes,Paper,20,140,2800,UPI,Walk-in
INV0046,Calculator,Office Supplies,20,378,7560,UPI,Walk-in
INV0047,Gel Pen,Writing,15,163,2445,UPI,Bulk Buyer
INV0048,Ball Pen,Writing,20,475,9500,Card,Walk-in
INV0049,Sketch Pens,Art Supplies,10,126,1260,Cash,Regular
INV0050,Paper Clips,Office Supplies,8,374,2992,Cash,Walk-in
INV0051,Highlighter,Writing,6,364,2184,Credit,Walk-in
INV0052,File Folder,Office Supplies,8,92,736,UPI,Walk-in
INV0053,Marker,Writing,5,390,1950,Card,Bulk Buyer
INV0054,Crayons,Art Supplies,7,24,168,UPI,Bulk Buyer
INV0055,Glue Stick,Office Supplies,3,367,1101,Card,Regular
INV0056,A4 Paper Pack,Paper,9,46,414,Credit,Bulk Buyer
INV0057,Ball Pen,Writing,12,450,5400,Card,Walk-in
INV0058,Crayons,Art Supplies,16,428,6848,Card,Bulk Buyer
INV0059,Glue Stick,Office Supplies,19,473,8987,Credit,Bulk Buyer
INV0060,Pencil,Writing,19,46,874,Card,Regular
INV0061,Crayons,Art Supplies,9,224,2016,UPI,Bulk Buyer
INV0062,File Folder,Office Supplies,1,298,298,UPI,Regular
INV0063,Gel Pen,Writing,10,293,2930,Card,Walk-in
INV0064,Paint Brush,Art Supplies,9,218,1962,Cash,Regular
INV0065,Highlighter,Writing,2,314,628,Cash,Bulk Buyer
INV0066,Paper Clips,Office Supplies,1,416,416,Credit,Bulk Buyer
INV0067,Sticky Notes,Paper,11,99,1089,Credit,Walk-in
INV0068,Sticky Notes,Paper,2,190,380,Cash,Bulk Buyer
INV0069,Crayons,Art Supplies,11,484,5324,UPI,Regular
INV0070,Sticky Notes,Paper,4,423,1692,UPI,Bulk Buyer
INV0071,Drawing Sheet,Paper,12,398,4776,UPI,Walk-in
INV0072,File Folder,Office Supplies,12,290,3480,Credit,Bulk Buyer
INV0073,Stapler,Office Supplies,15,251,3765,UPI,Regular
INV0074,Sketch Pens,Art Supplies,18,328,5904,Cash,Walk-in
INV0075,Paint Brush,Art Supplies,7,394,2758,Card,Regular
INV0076,File Folder,Office Supplies,17,103,1751,Cash,Regular
INV0077,Watercolors,Art Supplies,18,14,252,Credit,Bulk Buyer
INV0078,Calculator,Office Supplies,19,383,7277,Credit,Regular
INV0079,Sketch Pens,Art Supplies,18,299,5382,Credit,Walk-in
INV0080,Notebook,Paper,1,82,82,Cash,Bulk Buyer
INV0081,Paint Brush,Art Supplies,15,178,2670,Cash,Walk-in
INV0082,Pencil,Writing,13,326,4238,Cash,Walk-in
INV0083,Paint Brush,Art Supplies,13,85,1105,Card,Regular
INV0084,A4 Paper Pack,Paper,12,368,4416,Card,Regular
INV0085,Highlighter,Writing,12,141,1692,Cash,Bulk Buyer
INV0086,Watercolors,Art Supplies,8,180,1440,Card,Walk-in
INV0087,Color Pencils,Art Supplies,1,39,39,Card,Regular
INV0088,Calculator,Office Supplies,12,63,756,UPI,Bulk Buyer
INV0089,Highlighter,Writing,12,263,3156,Card,Regular
INV0090,Sticky Notes,Paper,20,94,1880,UPI,Regular
INV0091,Diary,Paper,7,281,1967,Cash,Regular
INV0092,Notebook,Paper,2,388,776,UPI,Regular
INV0093,Stapler,Office Supplies,16,246,3936,Cash,Regular
INV0094,Glue Stick,Office Supplies,16,260,4160,Credit,Walk-in
INV0095,Marker,Writing,6,265,1590,Cash,Bulk Buyer
INV0096,Paper Clips,Office Supplies,15,127,1905,UPI,Walk-in
INV0097,Gel Pen,Writing,17,125,2125,UPI,Regular
INV0098,Sticky Notes,Paper,10,485,4850,UPI,Bulk Buyer
INV0099,Paint Brush,Art Supplies,4,334,1336,Cash,Bulk Buyer
INV0100,Watercolors,Art Supplies,20,55,1100,Credit,Bulk Buyer
INV0101,Drawing Sheet,Paper,7,53,371,Cash,Regular
INV0102,Glue Stick,Office Supplies,18,22,396,Card,Walk-in
INV0103,Stapler,Office Supplies,15,276,4140,Card,Regular
INV0104,Marker,Writing,19,408,7752,Credit,Bulk Buyer
INV0105,Notebook,Paper,10,410,4100,Card,Regular
INV0106,Pencil,Writing,6,195,1170,Card,Regular
INV0107,Glue Stick,Office Supplies,6,207,1242,Cash,Regular
INV0108,Gel Pen,Writing,16,14,224,Card,Regular
INV0109,Ball Pen,Writing,3,39,117,Cash,Walk-in
INV0110,Crayons,Art Supplies,2,134,268,Cash,Bulk Buyer
INV0111,Sketch Pens,Art Supplies,17,170,2890,UPI,Walk-in
INV0112,File Folder,Office Supplies,20,436,8720,UPI,Bulk Buyer
INV0113,Paper Clips,Office Supplies,11,328,3608,UPI,Walk-in
INV0114,Pencil,Writing,17,347,5899,UPI,Walk-in
INV0115,Color Pencils,Art Supplies,14,310,4340,Cash,Regular
INV0116,Paper Clips,Office Supplies,18,361,6498,UPI,Regular
INV0117,Stapler,Office Supplies,18,270,4860,Card,Bulk Buyer
INV0118,Glue Stick,Office Supplies,4,134,536,Card,Regular
INV0119,Sticky Notes,Paper,17,366,6222,UPI,Bulk Buyer
INV0120,Marker,Writing,4,138,552,Cash,Walk-in
INV0121,Glue Stick,Office Supplies,15,73,1095,Card,Regular
INV0122,Pencil,Writing,3,116,348,Cash,Walk-in
INV0123,Diary,Paper,8,418,3344,Cash,Walk-in
INV0124,Diary,Paper,17,337,5729,Card,Walk-in
INV0125,Pencil,Writing,19,258,4902,UPI,Regular
INV0126,Gel Pen,Writing,12,460,5520,UPI,Bulk Buyer
INV0127,Paint Brush,Art Supplies,8,47,376,UPI,Regular
INV0128,Calculator,Office Supplies,10,258,2580,UPI,Walk-in
INV0129,Watercolors,Art Supplies,15,107,1605,UPI,Bulk Buyer
INV0130,Glue Stick,Office Supplies,6,224,1344,Credit,Regular
INV0131,Highlighter,Writing,16,369,5904,Credit,Walk-in
INV0132,Glue Stick,Office Supplies,13,201,2613,Cash,Regular
INV0133,File Folder,Office Supplies,5,339,1695,Cash,Regular
INV0134,Notebook,Paper,1,270,270,UPI,Regular
INV0135,Stapler,Office Supplies,14,150,2100,UPI,Regular
INV0136,Diary,Paper,3,101,303,Card,Regular
INV0137,Stapler,Office Supplies,19,156,2964,UPI,Walk-in
INV0138,Watercolors,Art Supplies,14,126,1764,Card,Bulk Buyer
INV0139,Highlighter,Writing,12,456,5472,Card,Regular
INV0140,Highlighter,Writing,4,490,1960,Card,Walk-in
INV0141,Drawing Sheet,Paper,5,41,205,Card,Walk-in
INV0142,Ball Pen,Writing,5,222,1110,Cash,Bulk Buyer
INV0143,Stapler,Office Supplies,2,107,214,Credit,Regular
INV0144,Crayons,Art Supplies,13,108,1404,Credit,Regular
INV0145,Calculator,Office Supplies,15,470,7050,Cash,Bulk Buyer
INV0146,Diary,Paper,17,445,7565,Cash,Bulk Buyer
INV0147,Stapler,Office Supplies,1,11,11,UPI,Regular
INV0148,Marker,Writing,1,245,245,UPI,Bulk Buyer
INV0149,Crayons,Art Supplies,18,322,5796,Credit,Bulk Buyer
INV0150,Sketch Pens,Art Supplies,19,306,5814,Credit,Walk-in
INV0151,Stapler,Office Supplies,12,375,4500,Cash,Bulk Buyer
INV0152,Calculator,Office Supplies,10,91,910,Card,Bulk Buyer
INV0153,File Folder,Office Supplies,16,29,464,Cash,Regular
INV0154,Pencil,Writing,6,402,2412,Card,Regular
INV0155,Glue Stick,Office Supplies,15,56,840,Cash,Walk-in
INV0156,Pencil,Writing,4,206,824,UPI,Regular
INV0157,Diary,Paper,7,186,1302,Credit,Regular
INV0158,Paint Brush,Art Supplies,18,141,2538,Credit,Regular
INV0159,Highlighter,Writing,8,223,1784,Cash,Bulk Buyer
INV0160,Diary,Paper,18,56,1008,Cash,Regular
INV0161,Watercolors,Art Supplies,8,438,3504,Card,Bulk Buyer
INV0162,Calculator,Office Supplies,19,363,6897,UPI,Walk-in
INV0163,Stapler,Office Supplies,14,325,4550,Cash,Regular
INV0164,Sticky Notes,Paper,17,177,3009,Card,Bulk Buyer
INV0165,Drawing Sheet,Paper,13,180,2340,Card,Regular
INV0166,Glue Stick,Office Supplies,9,132,1188,Cash,Bulk Buyer
INV0167,Diary,Paper,18,320,5760,Card,Walk-in
INV0168,Sticky Notes,Paper,11,170,1870,UPI,Regular
INV0169,Sticky Notes,Paper,14,107,1498,Cash,Bulk Buyer
INV0170,Stapler,Office Supplies,2,73,146,Card,Walk-in
INV0171,Marker,Writing,10,136,1360,Card,Bulk Buyer
INV0172,Marker,Writing,5,260,1300,UPI,Bulk Buyer
INV0173,Drawing Sheet,Paper,19,354,6726,Card,Walk-in
INV0174,File Folder,Office Supplies,15,381,5715,Credit,Regular
INV0175,Sketch Pens,Art Supplies,2,495,990,Cash,Bulk Buyer
INV0176,Watercolors,Art Supplies,4,68,272,UPI,Walk-in
INV0177,Stapler,Office Supplies,5,453,2265,Cash,Bulk Buyer
INV0178,Paint Brush,Art Supplies,7,490,3430,Cash,Bulk Buyer
INV0179,Highlighter,Writing,14,120,1680,Cash,Walk-in
INV0180,Gel Pen,Writing,8,497,3976,UPI,Walk-in
INV0181,Paper Clips,Office Supplies,10,281,2810,Card,Regular
INV0182,A4 Paper Pack,Paper,2,311,622,Credit,Walk-in
INV0183,Marker,Writing,10,86,860,Card,Bulk Buyer
INV0184,Paper Clips,Office Supplies,4,499,1996,Cash,Bulk Buyer
INV0185,Color Pencils,Art Supplies,13,328,4264,Card,Regular
INV0186,Crayons,Art Supplies,5,160,800,Card,Bulk Buyer
INV0187,Pencil,Writing,2,417,834,Card,Regular
INV0188,Glue Stick,Office Supplies,17,453,7701,Cash,Bulk Buyer
INV0189,Highlighter,Writing,10,62,620,Card,Bulk Buyer
INV0190,Stapler,Office Supplies,13,147,1911,Card,Walk-in
INV0191,Watercolors,Art Supplies,18,461,8298,Credit,Bulk Buyer
INV0192,Highlighter,Writing,1,430,430,Cash,Walk-in
INV0193,Notebook,Paper,18,236,4248,Card,Walk-in
INV0194,Color Pencils,Art Supplies,8,224,1792,Card,Regular
INV0195,Ball Pen,Writing,10,119,1190,Credit,Regular
INV0196,Gel Pen,Writing,5,486,2430,Cash,Bulk Buyer
INV0197,Diary,Paper,5,200,1000,Card,Regular
INV0198,Stapler,Office Supplies,8,459,3672,Credit,Regular
INV0199,Color Pencils,Art Supplies,13,11,143,Credit,Bulk Buyer
INV0200,Calculator,Office Supplies,1,162,162,Card,Bulk Buyer
INV0201,Sketch Pens,Art Supplies,5,436,2180,Credit,Regular
INV0202,Pencil,Writing,14,223,3122,UPI,Bulk Buyer
INV0203,Diary,Paper,2,457,914,Credit,Bulk Buyer
INV0204,Paint Brush,Art Supplies,20,420,8400,Card,Walk-in
INV0205,Glue Stick,Office Supplies,17,464,7888,Cash,Walk-in
INV0206,Watercolors,Art Supplies,13,33,429,Cash,Regular
INV0207,Sketch Pens,Art Supplies,5,326,1630,Card,Walk-in
INV0208,Drawing Sheet,Paper,9,91,819,Card,Regular
INV0209,File Folder,Office Supplies,20,467,9340,Cash,Bulk Buyer
INV0210,Marker,Writing,13,281,3653,Credit,Regular
INV0211,Paint Brush,Art Supplies,14,109,1526,UPI,Walk-in
INV0212,Paint Brush,Art Supplies,20,436,8720,Card,Regular
INV0213,Notebook,Paper,9,236,2124,Card,Walk-in
INV0214,Highlighter,Writing,11,304,3344,Credit,Bulk Buyer
INV0215,Marker,Writing,4,379,1516,Credit,Bulk Buyer
INV0216,Paint Brush,Art Supplies,4,15,60,Card,Bulk Buyer
INV0217,Marker,Writing,14,159,2226,Cash,Bulk Buyer
INV0218,A4 Paper Pack,Paper,8,447,3576,Card,Walk-in
INV0219,Crayons,Art Supplies,1,408,408,Cash,Walk-in
INV0220,Diary,Paper,7,404,2828,Card,Bulk Buyer
INV0221,Sketch Pens,Art Supplies,1,424,424,Credit,Regular
INV0222,Marker,Writing,2,408,816,Cash,Regular
INV0223,A4 Paper Pack,Paper,2,14,28,Credit,Bulk Buyer
INV0224,Notebook,Paper,7,482,3374,UPI,Bulk Buyer
INV0225,Paper Clips,Office Supplies,15,150,2250,Cash,Regular
INV0226,Stapler,Office Supplies,15,152,2280,Cash,Regular
INV0227,Sticky Notes,Paper,8,473,3784,UPI,Bulk Buyer
INV0228,File Folder,Office Supplies,3,449,1347,UPI,Bulk Buyer
INV0229,Ball Pen,Writing,16,124,1984,UPI,Walk-in
INV0230,Paint Brush,Art Supplies,10,244,2440,Cash,Bulk Buyer
INV0231,Gel Pen,Writing,11,352,3872,UPI,Bulk Buyer
INV0232,Calculator,Office Supplies,20,437,8740,Card,Regular
INV0233,Ball Pen,Writing,10,136,1360,Credit,Regular
INV0234,Marker,Writing,1,357,357,Cash,Bulk Buyer
INV0235,Gel Pen,Writing,8,231,1848,Cash,Bulk Buyer
INV0236,Ball Pen,Writing,15,378,5670,UPI,Regular
INV0237,Glue Stick,Office Supplies,1,293,293,Card,Walk-in
INV0238,Sketch Pens,Art Supplies,12,416,4992,UPI,Bulk Buyer
INV0239,Pencil,Writing,13,456,5928,Card,Regular
INV0240,Highlighter,Writing,11,156,1716,UPI,Bulk Buyer
INV0241,Stapler,Office Supplies,3,71,213,UPI,Regular
INV0242,Color Pencils,Art Supplies,8,267,2136,UPI,Regular
INV0243,Drawing Sheet,Paper,14,24,336,UPI,Bulk Buyer
INV0244,Sticky Notes,Paper,2,263,526,Card,Bulk Buyer
INV0245,Drawing Sheet,Paper,19,79,1501,Card,Bulk Buyer
INV0246,Marker,Writing,13,195,2535,Credit,Regular
INV0247,Ball Pen,Writing,6,72,432,Card,Walk-in
INV0248,Crayons,Art Supplies,12,113,1356,Cash,Walk-in
INV0249,Crayons,Art Supplies,8,388,3104,Cash,Walk-in
INV0250,Gel Pen,Writing,11,10,110,UPI,Walk-in
INV0251,Glue Stick,Office Supplies,3,25,75,Cash,Walk-in
INV0252,Drawing Sheet,Paper,7,426,2982,Credit,Bulk Buyer
INV0253,A4 Paper Pack,Paper,17,338,5746,Cash,Regular
INV0254,Diary,Paper,7,315,2205,UPI,Bulk Buyer
INV0255,Sketch Pens,Art Supplies,5,459,2295,Cash,Bulk Buyer
INV0256,Sticky Notes,Paper,16,422,6752,Card,Walk-in
INV0257,Paint Brush,Art Supplies,15,449,6735,UPI,Regular
INV0258,Sticky Notes,Paper,5,475,2375,UPI,Walk-in
INV0259,Paper Clips,Office Supplies,7,145,1015,UPI,Walk-in
INV0260,Marker,Writing,5,135,675,Card,Walk-in
INV0261,Sticky Notes,Paper,11,129,1419,Cash,Walk-in
INV0262,Sketch Pens,Art Supplies,15,96,1440,UPI,Bulk Buyer
INV0263,Stapler,Office Supplies,10,253,2530,Credit,Walk-in
INV0264,Paper Clips,Office Supplies,6,68,408,Credit,Bulk Buyer
INV0265,Gel Pen,Writing,17,406,6902,Card,Bulk Buyer
INV0266,Pencil,Writing,6,27,162,Card,Bulk Buyer
INV0267,Drawing Sheet,Paper,1,243,243,Credit,Walk-in
INV0268,Paint Brush,Art Supplies,8,333,2664,Card,Regular
INV0269,File Folder,Office Supplies,17,86,1462,UPI,Regular
INV0270,Watercolors,Art Supplies,13,309,4017,UPI,Walk-in
INV0271,Ball Pen,Writing,6,15,90,Card,Walk-in
INV0272,Stapler,Office Supplies,2,74,148,UPI,Walk-in
INV0273,Marker,Writing,11,216,2376,Cash,Bulk Buyer
INV0274,Sticky Notes,Paper,9,365,3285,UPI,Regular
INV0275,Sketch Pens,Art Supplies,8,213,1704,UPI,Walk-in
INV0276,Notebook,Paper,18,277,4986,UPI,Regular
INV0277,Calculator,Office Supplies,20,40,800,Cash,Walk-in
INV0278,Calculator,Office Supplies,9,375,3375,UPI,Regular
INV0279,Paper Clips,Office Supplies,11,480,5280,Cash,Walk-in
INV0280,Sticky Notes,Paper,6,293,1758,Credit,Walk-in
INV0281,Watercolors,Art Supplies,8,288,2304,Credit,Regular
INV0282,Gel Pen,Writing,20,62,1240,Credit,Regular
INV0283,Notebook,Paper,19,104,1976,UPI,Walk-in
INV0284,Gel Pen,Writing,15,209,3135,UPI,Bulk Buyer
INV0285,Notebook,Paper,9,215,1935,Credit,Walk-in
INV0286,Sketch Pens,Art Supplies,8,204,1632,Card,Walk-in
INV0287,Sketch Pens,Art Supplies,17,85,1445,Card,Bulk Buyer
INV0288,Drawing Sheet,Paper,9,381,3429,Cash,Bulk Buyer
INV0289,Paint Brush,Art Supplies,6,148,888,Card,Bulk Buyer
INV0290,A4 Paper Pack,Paper,18,447,8046,Credit,Regular
INV0291,Highlighter,Writing,1,342,342,Card,Walk-in
INV0292,Highlighter,Writing,13,193,2509,UPI,Bulk Buyer
INV0293,Sketch Pens,Art Supplies,4,297,1188,UPI,Bulk Buyer
INV0294,Color Pencils,Art Supplies,11,382,4202,Card,Bulk Buyer
INV0295,A4 Paper Pack,Paper,17,343,5831,Card,Regular
INV0296,Highlighter,Writing,5,19,95,UPI,Walk-in
INV0297,Stapler,Office Supplies,13,409,5317,Credit,Walk-in
INV0298,Ball Pen,Writing,16,466,7456,Credit,Regular
INV0299,Paper Clips,Office Supplies,1,459,459,Card,Regular
INV0300,A4 Paper Pack,Paper,12,75,900,Card,Walk-in
INV0301,Notebook,Paper,2,443,886,Cash,Bulk Buyer
INV0302,A4 Paper Pack,Paper,4,180,720,Credit,Bulk Buyer
INV0303,Notebook,Paper,15,206,3090,UPI,Bulk Buyer
INV0304,File Folder,Office Supplies,15,387,5805,Cash,Bulk Buyer
INV0305,Highlighter,Writing,19,200,3800,UPI,Regular
INV0306,Gel Pen,Writing,2,140,280,Cash,Walk-in
INV0307,Stapler,Office Supplies,1,46,46,Cash,Walk-in
INV0308,Color Pencils,Art Supplies,14,345,4830,Cash,Walk-in
INV0309,File Folder,Office Supplies,12,232,2784,Cash,Regular
INV0310,Marker,Writing,3,64,192,Card,Bulk Buyer
INV0311,Sketch Pens,Art Supplies,11,93,1023,Card,Regular
INV0312,Drawing Sheet,Paper,1,489,489,Credit,Bulk Buyer
INV0313,Glue Stick,Office Supplies,9,429,3861,UPI,Regular
INV0314,Pencil,Writing,20,115,2300,Credit,Regular
INV0315,Paint Brush,Art Supplies,8,125,1000,Card,Regular
INV0316,Ball Pen,Writing,10,439,4390,Card,Walk-in
INV0317,Stapler,Office Supplies,20,154,3080,Cash,Bulk Buyer
INV0318,Notebook,Paper,12,75,900,Cash,Bulk Buyer
INV0319,Notebook,Paper,10,482,4820,Card,Walk-in
INV0320,Stapler,Office Supplies,20,450,9000,Cash,Walk-in
INV0321,Marker,Writing,10,234,2340,Cash,Walk-in
INV0322,Paint Brush,Art Supplies,20,58,1160,Cash,Walk-in
INV0323,Paper Clips,Office Supplies,8,124,992,Cash,Walk-in
INV0324,Sticky Notes,Paper,17,265,4505,Card,Bulk Buyer
INV0325,Crayons,Art Supplies,7,418,2926,Card,Regular
INV0326,Sketch Pens,Art Supplies,3,107,321,UPI,Regular
INV0327,Pencil,Writing,9,380,3420,Credit,Walk-in
INV0328,Marker,Writing,15,172,2580,Cash,Bulk Buyer
INV0329,Glue Stick,Office Supplies,11,122,1342,Cash,Regular
INV0330,Ball Pen,Writing,17,55,935,Cash,Regular
INV0331,Pencil,Writing,9,433,3897,Card,Regular
INV0332,Sticky Notes,Paper,12,277,3324,Cash,Bulk Buyer
INV0333,Watercolors,Art Supplies,10,31,310,Card,Regular
INV0334,Calculator,Office Supplies,1,453,453,Credit,Regular
INV0335,Pencil,Writing,19,414,7866,Cash,Bulk Buyer
INV0336,Diary,Paper,1,16,16,Credit,Regular
INV0337,Pencil,Writing,4,157,628,UPI,Walk-in
INV0338,Crayons,Art Supplies,15,311,4665,UPI,Walk-in
INV0339,Sketch Pens,Art Supplies,16,367,5872,Card,Walk-in
INV0340,Color Pencils,Art Supplies,13,236,3068,Cash,Walk-in
INV0341,Color Pencils,Art Supplies,9,334,3006,UPI,Walk-in
INV0342,A4 Paper Pack,Paper,11,351,3861,Cash,Regular
INV0343,Gel Pen,Writing,10,485,4850,Card,Bulk Buyer
INV0344,Pencil,Writing,19,127,2413,Cash,Bulk Buyer
INV0345,Glue Stick,Office Supplies,9,429,3861,Card,Bulk Buyer
INV0346,Notebook,Paper,3,261,783,Card,Bulk Buyer
INV0347,Watercolors,Art Supplies,1,472,472,UPI,Walk-in
INV0348,Pencil,Writing,9,492,4428,UPI,Bulk Buyer
INV0349,Paper Clips,Office Supplies,12,453,5436,Cash,Walk-in
INV0350,Highlighter,Writing,9,224,2016,UPI,Regular
INV0351,Glue Stick,Office Supplies,10,202,2020,UPI,Walk-in
INV0352,Sticky Notes,Paper,3,206,618,Cash,Walk-in
INV0353,File Folder,Office Supplies,8,464,3712,Card,Walk-in
INV0354,Glue Stick,Office Supplies,6,309,1854,Cash,Bulk Buyer
INV0355,Drawing Sheet,Paper,16,481,7696,Cash,Regular
INV0356,Calculator,Office Supplies,6,476,2856,Card,Regular
INV0357,Calculator,Office Supplies,20,478,9560,Credit,Bulk Buyer
INV0358,Highlighter,Writing,2,25,50,Credit,Bulk Buyer
INV0359,File Folder,Office Supplies,20,476,9520,Credit,Walk-in
INV0360,File Folder,Office Supplies,16,416,6656,Card,Regular
INV0361,Color Pencils,Art Supplies,19,53,1007,Cash,Bulk Buyer
INV0362,Marker,Writing,8,275,2200,UPI,Regular
INV0363,Calculator,Office Supplies,6,231,1386,Cash,Bulk Buyer
INV0364,File Folder,Office Supplies,2,440,880,Credit,Walk-in
INV0365,Diary,Paper,13,278,3614,Credit,Bulk Buyer
INV0366,Drawing Sheet,Paper,16,121,1936,Credit,Bulk Buyer
INV0367,Pencil,Writing,4,438,1752,UPI,Regular
INV0368,Marker,Writing,20,379,7580,Credit,Regular
INV0369,A4 Paper Pack,Paper,11,485,5335,UPI,Bulk Buyer
INV0370,Marker,Writing,3,328,984,Card,Walk-in
INV0371,Sticky Notes,Paper,3,383,1149,Card,Walk-in
INV0372,Marker,Writing,15,88,1320,Card,Walk-in
INV0373,Sticky Notes,Paper,3,209,627,Card,Regular
INV0374,Color Pencils,Art Supplies,13,235,3055,UPI,Bulk Buyer
INV0375,Watercolors,Art Supplies,19,192,3648,Cash,Regular
INV0376,Notebook,Paper,8,29,232,Card,Bulk Buyer
INV0377,Watercolors,Art Supplies,20,345,6900,Cash,Bulk Buyer
INV0378,Sketch Pens,Art Supplies,13,192,2496,UPI,Walk-in
INV0379,Highlighter,Writing,8,67,536,Cash,Regular
INV0380,Paint Brush,Art Supplies,2,261,522,Card,Regular
INV0381,Drawing Sheet,Paper,1,103,103,Card,Regular
INV0382,Calculator,Office Supplies,1,308,308,Cash,Walk-in
INV0383,Ball Pen,Writing,19,13,247,Card,Bulk Buyer
INV0384,Diary,Paper,10,346,3460,Cash,Walk-in
INV0385,Paint Brush,Art Supplies,13,474,6162,Cash,Walk-in
INV0386,Diary,Paper,12,318,3816,Card,Bulk Buyer
INV0387,Sketch Pens,Art Supplies,6,266,1596,UPI,Bulk Buyer
INV0388,Marker,Writing,18,449,8082,Credit,Walk-in
INV0389,Ball Pen,Writing,8,293,2344,Credit,Bulk Buyer
INV0390,Watercolors,Art Supplies,3,191,573,Card,Bulk Buyer
INV0391,File Folder,Office Supplies,5,222,1110,UPI,Regular
INV0392,Watercolors,Art Supplies,5,28,140,Credit,Bulk Buyer
INV0393,Pencil,Writing,7,233,1631,Credit,Walk-in
INV0394,Drawing Sheet,Paper,7,344,2408,UPI,Bulk Buyer
INV0395,Watercolors,Art Supplies,14,318,4452,Credit,Bulk Buyer
INV0396,A4 Paper Pack,Paper,19,205,3895,Cash,Regular
INV0397,Sticky Notes,Paper,12,386,4632,Cash,Walk-in
INV0398,Glue Stick,Office Supplies,10,276,2760,Card,Regular
INV0399,Gel Pen,Writing,13,182,2366,UPI,Bulk Buyer
INV0400,Calculator,Office Supplies,7,189,1323,Credit,Bulk Buyer
INV0401,Paint Brush,Art Supplies,20,314,6280,Card,Regular
INV0402,Pencil,Writing,10,367,3670,Card,Regular
INV0403,Paper Clips,Office Supplies,6,50,300,Cash,Walk-in
INV0404,Marker,Writing,12,60,720,Credit,Bulk Buyer
INV0405,Ball Pen,Writing,13,126,1638,Card,Regular
INV0406,Color Pencils,Art Supplies,5,495,2475,Card,Bulk Buyer
INV0407,Diary,Paper,15,309,4635,Card,Walk-in
INV0408,Pencil,Writing,8,459,3672,UPI,Walk-in
INV0409,Stapler,Office Supplies,13,337,4381,Credit,Bulk Buyer
INV0410,Marker,Writing,12,175,2100,Credit,Bulk Buyer
INV0411,Crayons,Art Supplies,7,172,1204,Cash,Walk-in
INV0412,Gel Pen,Writing,13,267,3471,Card,Bulk Buyer
INV0413,Ball Pen,Writing,12,27,324,UPI,Regular
INV0414,Pencil,Writing,2,354,708,UPI,Regular
INV0415,Calculator,Office Supplies,17,137,2329,Card,Regular
INV0416,Gel Pen,Writing,17,86,1462,UPI,Walk-in
INV0417,Crayons,Art Supplies,10,86,860,Cash,Bulk Buyer
INV0418,Paint Brush,Art Supplies,17,150,2550,Card,Walk-in
INV0419,Color Pencils,Art Supplies,19,432,8208,Credit,Regular
INV0420,Notebook,Paper,1,31,31,Credit,Bulk Buyer
INV0421,Paint Brush,Art Supplies,5,141,705,Cash,Regular
INV0422,Crayons,Art Supplies,7,238,1666,UPI,Bulk Buyer
INV0423,Calculator,Office Supplies,9,317,2853,Credit,Regular
INV0424,Marker,Writing,14,211,2954,Card,Walk-in
INV0425,File Folder,Office Supplies,9,78,702,UPI,Regular
INV0426,A4 Paper Pack,Paper,18,465,8370,Card,Bulk Buyer
INV0427,Stapler,Office Supplies,17,439,7463,Credit,Bulk Buyer
INV0428,Gel Pen,Writing,9,110,990,Card,Regular
INV0429,Highlighter,Writing,9,88,792,Credit,Regular
INV0430,Gel Pen,Writing,1,184,184,Credit,Bulk Buyer
INV0431,Ball Pen,Writing,17,350,5950,UPI,Regular
INV0432,Gel Pen,Writing,18,214,3852,Card,Bulk Buyer
INV0433,Crayons,Art Supplies,15,452,6780,Card,Bulk Buyer
INV0434,Paper Clips,Office Supplies,7,166,1162,UPI,Bulk Buyer
INV0435,Pencil,Writing,9,157,1413,Card,Bulk Buyer
INV0436,Calculator,Office Supplies,15,377,5655,Card,Walk-in
INV0437,A4 Paper Pack,Paper,7,399,2793,UPI,Regular
INV0438,Paper Clips,Office Supplies,10,170,1700,UPI,Regular
INV0439,Notebook,Paper,12,432,5184,UPI,Walk-in
INV0440,Glue Stick,Office Supplies,1,389,389,Card,Walk-in
INV0441,Pencil,Writing,2,216,432,Credit,Regular
INV0442,Ball Pen,Writing,17,399,6783,Cash,Walk-in
INV0443,Sketch Pens,Art Supplies,11,34,374,Card,Walk-in
INV0444,Calculator,Office Supplies,7,177,1239,Cash,Regular
INV0445,Gel Pen,Writing,10,355,3550,Cash,Regular
INV0446,Crayons,Art Supplies,15,440,6600,Credit,Regular
INV0447,Crayons,Art Supplies,2,446,892,Cash,Regular
INV0448,Highlighter,Writing,18,229,4122,UPI,Walk-in
INV0449,Crayons,Art Supplies,14,415,5810,Credit,Regular
INV0450,Notebook,Paper,10,330,3300,Card,Bulk Buyer
INV0451,Pencil,Writing,5,432,2160,Cash,Regular
INV0452,Glue Stick,Office Supplies,18,421,7578,UPI,Bulk Buyer
INV0453,Calculator,Office Supplies,3,235,705,Card,Walk-in
INV0454,Color Pencils,Art Supplies,1,84,84,Card,Regular
INV0455,Diary,Paper,15,288,4320,Credit,Regular
INV0456,Calculator,Office Supplies,5,496,2480,Cash,Walk-in
INV0457,File Folder,Office Supplies,11,497,5467,Cash,Walk-in
INV0458,File Folder,Office Supplies,13,473,6149,Credit,Bulk Buyer
INV0459,Sticky Notes,Paper,11,490,5390,Credit,Regular
INV0460,Diary,Paper,17,218,3706,Credit,Walk-in
INV0461,Notebook,Paper,14,472,6608,Card,Walk-in
INV0462,Calculator,Office Supplies,2,480,960,UPI,Bulk Buyer
INV0463,Pencil,Writing,13,373,4849,Card,Regular
INV0464,Sketch Pens,Art Supplies,10,459,4590,Cash,Walk-in
INV0465,Crayons,Art Supplies,13,366,4758,Cash,Walk-in
INV0466,Crayons,Art Supplies,6,204,1224,Credit,Regular
INV0467,Drawing Sheet,Paper,9,71,639,Cash,Regular
INV0468,Paper Clips,Office Supplies,5,352,1760,Credit,Bulk Buyer
INV0469,Sticky Notes,Paper,12,132,1584,Credit,Regular
INV0470,Drawing Sheet,Paper,14,282,3948,Cash,Regular
INV0471,Pencil,Writing,15,317,4755,Cash,Bulk Buyer
INV0472,Paper Clips,Office Supplies,9,435,3915,UPI,Regular
INV0473,Ball Pen,Writing,18,409,7362,UPI,Walk-in
INV0474,Drawing Sheet,Paper,12,323,3876,Card,Regular
INV0475,Paper Clips,Office Supplies,8,415,3320,UPI,Regular
INV0476,Paint Brush,Art Supplies,11,355,3905,UPI,Walk-in
INV0477,Watercolors,Art Supplies,7,95,665,Credit,Regular
INV0478,Sticky Notes,Paper,9,292,2628,Cash,Walk-in
INV0479,Color Pencils,Art Supplies,5,20,100,Cash,Regular
INV0480,Sketch Pens,Art Supplies,1,326,326,Card,Walk-in
INV0481,Marker,Writing,18,77,1386,Cash,Regular
INV0482,A4 Paper Pack,Paper,6,36,216,Card,Regular
INV0483,Marker,Writing,7,252,1764,Card,Walk-in
INV0484,File Folder,Office Supplies,3,254,762,Credit,Walk-in
INV0485,Color Pencils,Art Supplies,8,414,3312,Credit,Regular
INV0486,Paper Clips,Office Supplies,18,380,6840,Cash,Regular
INV0487,Crayons,Art Supplies,18,103,1854,Cash,Regular
INV0488,Pencil,Writing,20,299,5980,UPI,Regular
INV0489,Drawing Sheet,Paper,17,310,5270,Card,Regular
INV0490,Watercolors,Art Supplies,19,499,9481,Card,Walk-in
INV0491,Notebook,Paper,3,486,1458,Cash,Bulk Buyer
INV0492,Paint Brush,Art Supplies,12,44,528,Card,Bulk Buyer
INV0493,Gel Pen,Writing,19,155,2945,Cash,Regular
INV0494,Sticky Notes,Paper,3,89,267,Cash,Regular
INV0495,Diary,Paper,13,413,5369,Cash,Walk-in
INV0496,Marker,Writing,13,194,2522,Credit,Bulk Buyer
INV0497,Paper Clips,Office Supplies,13,425,5525,Credit,Bulk Buyer
INV0498,Color Pencils,Art Supplies,16,214,3424,Credit,Bulk Buyer
INV0499,Calculator,Office Supplies,1,409,409,Card,Bulk Buyer
INV0500,Paper Clips,Office Supplies,10,111,1110,UPI,Walk-in
